"Age","Attrition","DistanceFromHome","Education","JobLevel","MonthlyIncome","NumCompaniesWorked","TotalWorkingYears","TrainingTimesLastYear","YearsAtCompany","YearsSinceLastPromotion"
"52","No","1","4","5","19999","0","34","5","33","11"
"41","No","7","1","5","19973","1","21","3","21","5"
"56","No","4","4","5","19943","4","28","2","5","4"
"50","No","11","3","5","19926","3","21","5","5","4"
"55","Yes","2","3","5","19859","5","24","2","5","1"
"51","No","9","3","5","19847","4","31","5","29","11"
"52","Yes","2","1","5","19845","1","33","3","32","6"
"40","No","7","4","5","19833","1","21","3","21","12"
"43","No","3","3","5","19740","3","25","2","8","0"
"56","No","8","4","5","19717","6","36","4","7","7"
"58","No","1","3","5","19701","3","32","3","9","1"
"48","No","10","3","5","19665","4","29","3","22","12"
"47","No","26","4","5","19658","3","27","2","5","1"
"55","No","26","4","5","19636","4","35","0","10","1"
"46","No","1","4","5","19627","9","23","0","2","2"
"40","No","14","3","5","19626","1","21","2","20","4"
"42","No","9","2","5","19613","8","24","2","1","0"
"55","No","26","5","5","19586","1","36","3","36","2"
"60","No","7","3","5","19566","5","33","5","29","11"
"41","Yes","12","3","5","19545","1","23","0","22","15"
"51","No","6","3","5","19537","7","23","5","20","15"
"50","No","1","4","5","19517","3","32","3","7","0"
"44","No","3","4","5","19513","4","26","2","2","0"
"49","No","18","4","5","19502","1","31","5","31","0"
"40","No","2","2","5","19436","0","22","5","21","3"
"39","No","9","3","5","19431","2","21","3","6","1"
"41","No","9","3","5","19419","2","21","2","18","0"
"54","No","5","2","5","19406","4","24","4","4","1"
"43","No","6","3","5","19392","7","21","2","16","6"
"50","No","9","3","5","19331","4","27","2","1","0"
"46","No","2","4","5","19328","7","24","3","2","2"
"39","No","7","2","5","19272","1","21","2","21","13"
"58","Yes","2","4","5","19246","7","40","2","31","13"
"50","No","2","4","5","19237","2","29","2","8","7"
"42","No","4","2","5","19232","1","22","3","22","11"
"45","No","1","3","5","19202","0","25","2","24","1"
"39","No","1","1","5","19197","1","21","3","21","1"
"44","No","4","2","5","19190","1","26","4","25","14"
"41","No","1","3","5","19189","1","22","3","22","2"
"55","No","2","2","5","19187","4","23","5","19","9"
"49","No","2","1","5","19161","3","28","3","5","4"
"50","No","4","1","5","19144","3","28","4","10","1"
"41","No","10","4","5","19141","3","23","2","21","12"
"53","No","5","3","5","19094","4","26","3","14","4"
"46","No","15","2","5","19081","5","25","2","4","0"
"52","No","2","4","5","19068","1","33","2","33","15"
"44","No","7","3","5","19049","0","23","4","22","1"
"55","No","1","3","5","19045","0","37","2","36","4"
"55","No","2","3","5","19038","8","34","2","1","0"
"40","No","4","1","5","19033","1","21","2","20","9"
"46","No","2","4","5","18947","3","22","2","2","2"
"42","No","2","3","5","18880","5","24","2","22","4"
"59","No","2","4","5","18844","9","30","3","3","2"
"45","Yes","2","3","5","18824","2","26","2","24","1"
"46","No","4","2","5","18789","2","26","2","11","0"
"50","No","7","2","5","18740","5","29","2","27","13"
"55","No","14","4","5","18722","8","36","3","24","2"
"49","No","4","2","5","18711","2","23","2","1","0"
"49","No","10","4","5","18665","9","22","4","3","1"
"53","No","7","2","5","18606","3","26","6","7","4"
"42","No","8","3","5","18430","1","24","4","24","14"
"42","No","5","2","5","18303","6","21","3","1","0"
"47","No","5","5","5","18300","4","21","2","3","1"
"48","No","1","3","5","18265","6","25","3","1","0"
"44","No","5","3","5","18213","7","26","5","22","3"
"50","No","3","3","5","18200","1","32","2","32","10"
"50","No","1","3","5","18172","3","28","1","8","0"
"45","No","25","3","5","18061","3","22","4","0","0"
"40","No","2","4","5","18041","0","21","2","20","1"
"50","No","2","4","4","17924","1","31","3","31","14"
"58","No","21","3","4","17875","4","29","2","1","0"
"46","No","2","3","4","17861","6","26","2","3","0"
"42","No","2","1","4","17861","0","21","3","20","2"
"50","No","2","3","4","17856","2","32","3","2","2"
"54","No","3","3","4","17779","3","36","2","10","0"
"42","No","2","2","4","17665","0","23","3","22","13"
"45","No","11","2","4","17650","3","26","4","9","1"
"50","No","2","3","4","17639","5","30","3","4","0"
"43","No","15","2","4","17603","1","14","3","14","6"
"53","No","3","4","4","17584","3","21","5","5","1"
"46","No","1","4","4","17567","1","27","5","26","0"
"46","No","3","1","4","17465","3","23","3","12","4"
"33","No","17","3","4","17444","1","10","2","10","6"
"54","No","22","5","4","17426","3","36","6","10","4"
"50","No","1","2","4","17399","9","32","1","5","1"
"54","No","26","3","4","17328","2","23","3","5","4"
"54","No","1","3","4","17328","6","29","3","20","12"
"41","No","10","3","4","17181","4","21","2","7","7"
"48","No","22","3","4","17174","3","24","3","22","4"
"47","No","2","4","4","17169","3","26","2","20","5"
"43","No","14","2","4","17159","6","22","3","4","1"
"39","No","13","4","4","17123","6","21","4","19","15"
"52","No","1","2","4","17099","2","26","2","9","7"
"39","No","10","1","4","17068","1","21","3","21","11"
"46","No","2","3","4","17048","8","28","2","26","15"
"50","No","29","4","4","17046","0","28","2","27","15"
"34","No","15","3","4","17007","7","16","3","14","6"
"43","No","26","2","4","16959","1","25","3","25","4"
"48","No","1","4","4","16885","2","27","3","5","2"
"50","No","28","3","4","16880","4","25","2","3","1"
"46","No","2","3","4","16872","3","28","2","7","7"
"52","No","3","4","4","16856","1","34","3","34","1"
"55","No","18","5","4","16835","3","37","2","10","7"
"40","No","1","4","4","16823","2","22","3","19","11"
"42","No","10","3","4","16799","0","21","5","20","0"
"45","No","2","2","4","16792","9","22","1","20","11"
"55","No","2","1","4","16756","7","31","3","9","6"
"47","No","2","2","4","16752","1","26","3","26","3"
"45","No","28","2","4","16704","1","21","2","21","8"
"55","No","2","3","4","16659","2","30","2","5","1"
"43","No","6","4","4","16627","4","21","3","1","0"
"46","No","3","3","4","16606","8","23","2","13","5"
"53","No","2","3","4","16598","4","35","2","9","8"
"41","No","2","5","4","16595","7","22","2","18","11"
"52","No","4","2","4","16555","2","31","2","5","1"
"40","No","6","2","4","16437","1","21","2","21","7"
"31","No","8","5","4","16422","3","9","3","3","1"
"49","No","22","4","4","16413","3","27","2","4","1"
"44","No","28","3","4","16328","3","24","1","20","14"
"51","No","26","4","4","16307","2","29","2","20","4"
"58","No","2","3","4","16291","4","37","0","16","14"
"33","No","1","5","4","16184","4","10","2","6","0"
"29","No","1","3","4","16124","3","9","2","7","1"
"43","No","16","3","4","16064","5","22","3","17","1"
"54","No","11","4","4","16032","3","26","2","14","1"
"41","No","2","4","4","16015","1","22","2","22","0"
"42","No","23","5","4","15992","2","16","2","1","0"
"47","No","2","4","4","15972","6","29","2","3","1"
"58","No","15","4","4","15787","2","23","3","2","2"
"53","No","2","4","4","15427","2","31","3","25","3"
"48","No","1","4","4","15402","7","21","3","3","0"
"49","No","1","3","4","15379","4","23","2","8","0"
"48","No","4","5","4","15202","2","23","3","2","2"
"53","No","2","2","4","14852","6","22","3","17","15"
"53","No","7","3","4","14814","3","32","3","5","1"
"55","No","8","3","4","14756","2","21","2","5","0"
"55","No","1","4","4","14732","2","31","4","7","0"
"50","No","22","5","4","14411","1","32","2","32","13"
"43","No","12","3","4","14336","1","25","3","25","3"
"53","No","23","4","4","14275","6","33","0","12","3"
"57","No","29","3","4","14118","3","32","3","1","0"
"51","No","5","3","4","14026","1","33","2","33","0"
"50","No","24","3","4","13973","3","22","2","12","1"
"49","No","6","1","4","13966","2","30","3","15","2"
"49","No","1","2","4","13964","7","25","2","7","0"
"58","No","10","4","4","13872","0","38","1","37","1"
"52","No","25","4","4","13826","3","31","3","9","0"
"47","No","3","3","4","13770","9","28","2","22","11"
"42","Yes","12","3","4","13758","0","22","2","21","13"
"40","No","8","1","3","13757","2","16","5","9","4"
"37","No","10","3","3","13744","1","16","2","16","6"
"51","No","3","3","4","13734","3","21","6","7","1"
"59","No","2","3","4","13726","3","30","4","5","4"
"55","Yes","13","4","4","13695","6","24","2","19","3"
"31","No","3","4","3","13675","9","9","3","2","2"
"37","No","7","4","3","13664","4","16","3","5","0"
"33","Yes","15","1","3","13610","7","15","2","7","7"
"37","No","1","4","3","13603","2","15","2","5","0"
"41","No","6","3","3","13591","3","16","3","1","0"
"38","No","1","3","3","13582","1","15","3","15","5"
"55","No","8","1","4","13577","1","34","3","33","15"
"41","No","28","4","4","13570","0","21","3","20","0"
"54","No","2","4","3","13549","9","16","5","4","0"
"42","No","26","3","4","13525","5","23","2","20","4"
"40","No","1","4","4","13503","1","22","3","22","11"
"40","No","9","4","3","13499","9","20","3","18","2"
"45","No","20","2","4","13496","0","21","2","20","4"
"39","No","10","1","3","13464","7","9","3","4","2"
"33","No","1","2","3","13458","1","15","1","15","8"
"56","No","23","3","4","13402","4","33","0","19","15"
"42","No","6","3","3","13348","9","18","3","13","5"
"39","No","15","4","4","13341","0","21","3","20","11"
"44","No","28","3","4","13320","3","23","2","12","11"
"50","No","17","5","3","13269","5","19","3","14","1"
"52","No","28","2","4","13247","2","24","3","5","0"
"45","No","6","4","3","13245","4","17","3","0","0"
"40","No","6","3","4","13237","7","22","3","20","5"
"46","No","3","3","4","13225","2","25","5","19","2"
"56","No","6","3","4","13212","9","36","0","7","7"
"38","No","10","3","3","13206","3","20","3","18","1"
"40","Yes","24","3","4","13194","4","22","2","1","0"
"42","No","26","5","3","13191","3","20","6","1","0"
"51","No","11","2","4","13142","3","29","1","5","0"
"49","No","8","4","4","13120","6","22","3","9","2"
"51","No","3","3","3","13116","2","15","2","2","2"
"53","No","1","4","4","12965","4","27","2","3","0"
"47","Yes","9","3","4","12936","7","25","3","23","14"
"27","No","5","1","3","12808","1","9","3","9","0"
"39","No","1","1","4","12742","1","21","3","21","11"
"48","No","29","1","3","12504","3","15","3","0","0"
"51","No","8","4","3","12490","5","16","5","10","4"
"37","No","11","3","3","12185","1","10","1","10","0"
"39","Yes","2","3","4","12169","7","21","4","18","11"
"38","No","25","2","3","12061","3","19","2","10","0"
"39","No","24","1","4","12031","0","21","2","20","9"
"35","No","22","3","3","11996","7","10","6","7","6"
"34","No","7","4","3","11994","0","13","4","12","2"
"47","No","1","1","3","11957","0","14","3","13","5"
"29","No","3","4","3","11935","1","10","2","10","0"
"30","No","17","4","3","11916","1","9","2","9","0"
"59","No","1","2","3","11904","3","14","1","6","0"
"33","No","5","4","3","11878","6","12","2","10","8"
"47","Yes","29","4","3","11849","1","10","2","10","9"
"53","No","8","3","4","11836","5","28","3","2","2"
"36","No","8","3","3","11713","9","10","2","8","0"
"33","No","7","3","3","11691","0","14","3","13","3"
"34","No","5","3","3","11631","2","14","6","11","5"
"31","No","7","3","3","11557","9","10","3","5","0"
"38","No","15","2","3","11510","0","12","3","11","2"
"30","No","8","2","3","11416","0","9","4","8","1"
"50","No","20","5","4","11245","2","32","3","30","12"
"32","No","10","3","3","11244","2","10","5","5","0"
"32","No","3","2","3","11159","3","10","6","7","7"
"56","No","9","3","4","11103","7","30","1","10","1"
"31","No","10","3","3","11031","4","13","2","11","4"
"48","No","4","4","3","10999","7","27","3","15","4"
"55","No","2","1","3","10976","3","23","4","3","1"
"49","No","7","3","3","10965","8","26","2","5","0"
"39","No","2","4","3","10938","0","20","1","19","11"
"53","No","7","2","3","10934","7","35","3","5","0"
"40","No","28","3","3","10932","3","20","2","1","0"
"39","No","25","2","3","10920","3","13","2","6","0"
"35","No","25","3","3","10903","3","16","2","13","4"
"60","No","1","4","3","10883","3","19","2","1","0"
"39","No","22","3","3","10880","1","21","2","21","2"
"40","No","4","4","3","10855","7","15","2","12","2"
"50","Yes","28","3","3","10854","4","20","3","3","2"
"45","No","20","3","3","10851","2","24","2","7","0"
"46","No","7","2","3","10845","6","13","3","8","0"
"43","No","27","3","3","10820","8","18","1","8","0"
"43","No","25","3","3","10798","5","18","5","1","0"
"31","No","8","2","3","10793","1","13","5","13","9"
"45","No","9","3","3","10761","4","18","2","5","0"
"45","No","1","1","3","10748","3","25","3","23","14"
"54","No","17","3","3","10739","8","22","2","10","0"
"54","No","19","4","3","10725","2","16","1","9","7"
"54","No","2","4","3","10686","6","13","4","9","7"
"35","No","9","3","3","10685","1","17","2","17","5"
"46","No","1","3","3","10673","2","21","5","10","9"
"51","Yes","8","4","3","10650","2","18","2","4","0"
"31","No","9","1","3","10648","1","13","6","13","0"
"38","No","3","3","3","10609","0","17","6","16","5"
"37","Yes","1","4","3","10609","5","17","2","14","11"
"51","No","2","3","3","10596","2","14","5","4","3"
"58","No","5","3","3","10552","2","24","3","6","0"
"46","No","18","1","3","10527","5","28","3","2","1"
"59","No","18","4","3","10512","6","25","6","9","5"
"54","No","1","4","3","10502","7","33","2","5","1"
"50","No","10","3","3","10496","6","20","2","4","1"
"44","Yes","1","2","3","10482","9","24","1","20","3"
"40","No","5","4","3","10475","5","20","2","18","1"
"49","No","7","4","3","10466","3","29","3","8","0"
"46","No","1","2","3","10453","1","24","2","24","15"
"53","Yes","24","4","3","10448","6","15","2","2","2"
"41","No","4","1","3","10447","0","23","3","22","13"
"52","No","7","4","3","10445","7","18","4","8","4"
"40","No","15","3","3","10435","1","18","2","18","14"
"32","No","1","4","3","10422","1","14","3","14","5"
"32","Yes","4","4","3","10400","1","14","2","14","9"
"35","No","25","4","3","10388","1","16","3","16","10"
"35","No","8","2","3","10377","4","16","6","13","4"
"46","No","2","3","3","10368","4","13","5","10","0"
"47","No","4","3","3","10333","8","28","4","22","14"
"36","Yes","3","1","3","10325","1","16","6","16","3"
"40","No","20","4","3","10322","4","14","6","11","11"
"58","Yes","23","4","3","10312","1","40","3","40","15"
"35","Yes","10","3","3","10306","9","15","3","13","6"
"35","No","2","3","3","10274","2","15","2","7","6"
"60","No","28","3","3","10266","4","22","5","18","13"
"36","No","1","3","3","10252","2","17","2","7","7"
"44","No","7","4","3","10248","3","24","4","22","5"
"55","No","1","2","3","10239","3","24","4","1","1"
"43","No","4","4","3","10231","3","23","3","21","15"
"35","No","7","3","3","10221","3","17","3","8","1"
"44","No","2","1","3","10209","5","16","2","2","2"
"53","Yes","2","5","3","10169","0","34","4","33","1"
"42","No","2","3","3","10124","2","24","3","20","13"
"36","No","8","3","3","10096","1","17","2","17","12"
"46","Yes","9","3","3","10096","4","28","1","7","4"
"37","Yes","10","3","3","10048","6","17","5","1","0"
"58","Yes","7","4","3","10008","7","31","0","10","5"
"33","No","5","1","2","9998","6","8","2","5","1"
"39","No","6","1","3","9991","4","9","5","7","1"
"43","No","7","3","3","9985","8","10","1","1","0"
"27","No","20","3","2","9981","1","7","2","7","0"
"29","No","21","4","3","9980","1","10","1","10","8"
"36","No","10","4","3","9980","1","10","3","10","9"
"30","No","20","3","2","9957","0","7","1","6","0"
"34","Yes","23","3","3","9950","9","11","2","3","0"
"31","No","5","3","2","9936","0","10","2","9","1"
"38","No","14","3","2","9924","0","10","3","9","7"
"32","Yes","2","4","2","9907","7","7","3","2","2"
"34","No","1","3","3","9888","1","14","3","14","2"
"35","No","11","2","3","9884","2","10","3","4","2"
"28","Yes","13","2","2","9854","3","6","0","2","2"
"31","No","2","4","3","9852","1","10","5","10","9"
"31","Yes","20","3","3","9824","3","12","2","1","0"
"38","No","10","3","2","9824","3","18","4","1","0"
"45","No","4","3","3","9756","4","9","2","5","0"
"36","No","11","2","3","9738","0","10","6","9","2"
"34","No","1","4","2","9725","0","16","2","15","0"
"45","No","7","3","3","9724","2","25","2","1","0"
"29","No","8","1","2","9715","3","9","3","7","0"
"30","Yes","1","3","2","9714","1","10","4","10","6"
"34","No","4","3","3","9713","2","9","3","5","1"
"40","No","10","4","3","9705","2","11","2","1","0"
"36","No","3","4","3","9699","4","16","2","13","1"
"32","No","5","4","2","9679","8","8","1","1","0"
"30","No","10","3","3","9667","9","9","3","7","0"
"31","No","7","4","3","9637","2","9","3","3","2"
"46","Yes","9","2","3","9619","1","9","3","9","4"
"39","No","1","3","3","9613","0","19","5","18","3"
"32","No","19","3","3","9610","3","10","2","4","0"
"37","No","2","3","2","9602","4","17","3","3","1"
"35","Yes","4","3","3","9582","0","9","2","8","4"
"34","No","2","1","2","9547","1","10","2","10","1"
"38","No","23","3","3","9526","0","10","2","9","1"
"37","No","1","4","2","9525","1","6","2","6","1"
"57","No","24","2","3","9439","3","12","2","5","1"
"37","No","3","3","3","9434","1","10","2","10","7"
"30","No","5","3","3","9419","2","12","2","10","7"
"46","No","1","4","3","9396","7","17","3","4","0"
"45","No","29","3","3","9380","4","10","4","3","1"
"35","No","18","2","3","9362","2","10","2","2","2"
"41","Yes","4","3","2","9355","1","8","5","8","7"
"36","No","3","4","2","9278","3","15","3","5","0"
"30","No","29","4","3","9250","3","9","3","4","1"
"41","No","6","3","3","9241","1","10","3","10","8"
"50","No","12","3","3","9208","4","16","3","2","2"
"32","No","7","5","2","9204","4","7","3","4","0"
"40","Yes","25","4","3","9094","2","9","2","5","1"
"46","No","10","3","3","9071","2","15","3","3","1"
"35","No","18","5","3","9069","1","9","3","9","1"
"32","No","8","3","3","8998","1","9","2","9","3"
"35","No","17","4","2","8966","3","15","2","7","1"
"31","No","7","2","3","8943","1","10","2","10","8"
"41","No","3","3","2","8938","2","14","5","5","0"
"46","Yes","21","2","2","8926","4","13","2","9","3"
"45","No","6","3","3","8865","6","23","2","19","12"
"36","No","12","5","3","8858","0","15","2","14","7"
"29","No","2","1","2","8853","1","6","0","6","1"
"36","No","9","2","2","8847","2","13","2","3","0"
"35","No","26","4","3","8837","1","9","2","9","1"
"37","No","9","4","3","8834","1","9","6","9","7"
"38","No","17","1","3","8823","0","20","4","19","1"
"27","No","10","2","3","8793","1","9","4","9","1"
"35","No","1","3","3","8789","1","10","3","10","0"
"38","No","10","4","3","8740","0","9","2","8","2"
"27","No","8","3","3","8726","1","9","0","9","1"
"28","Yes","24","2","3","8722","1","10","2","10","1"
"38","No","1","4","2","8686","4","12","2","8","0"
"25","No","28","3","2","8639","2","6","3","2","2"
"47","No","25","3","3","8633","2","25","3","17","12"
"34","No","13","4","3","8628","1","9","2","8","1"
"34","No","9","3","3","8621","1","9","3","8","7"
"29","No","19","3","2","8620","1","10","3","10","0"
"35","No","16","3","3","8606","1","11","3","11","3"
"46","No","2","2","3","8578","3","12","4","9","4"
"33","Yes","16","3","3","8564","2","11","2","0","0"
"34","No","9","3","3","8500","0","10","0","9","1"
"30","No","1","1","3","8474","1","12","2","11","5"
"28","No","5","3","2","8463","0","6","4","5","1"
"52","Yes","5","3","3","8446","9","10","2","8","7"
"30","No","22","4","3","8412","0","10","3","9","7"
"40","No","26","3","2","8396","1","8","3","7","7"
"41","No","1","3","3","8392","1","10","2","10","0"
"53","No","1","1","2","8381","7","18","2","14","8"
"33","No","10","5","3","8380","0","10","3","9","0"
"39","No","6","3","3","8376","4","9","3","2","2"
"31","No","5","3","2","8346","1","6","3","5","0"
"36","No","10","3","3","8321","7","15","1","12","5"
"29","No","10","1","2","8268","1","7","2","7","1"
"39","No","6","3","3","8237","2","11","3","7","7"
"33","Yes","9","4","2","8224","0","6","3","5","0"
"41","No","9","1","3","8189","3","12","2","9","0"
"31","Yes","16","4","3","8161","2","10","2","1","0"
"48","No","2","1","2","8120","3","12","3","2","2"
"34","No","3","1","2","8103","3","9","3","4","0"
"35","No","5","4","3","8095","0","17","5","16","0"
"35","No","16","3","3","8020","0","12","3","11","6"
"36","No","5","4","3","8008","4","9","6","3","0"
"46","No","26","2","2","7991","8","6","3","2","2"
"29","No","17","3","3","7988","1","10","3","10","0"
"44","Yes","15","3","3","7978","1","10","2","10","0"
"52","No","3","3","3","7969","2","28","4","5","0"
"40","No","16","3","3","7945","6","18","2","4","3"
"29","No","1","1","3","7918","1","11","5","11","4"
"48","No","4","3","3","7898","1","11","2","10","0"
"39","No","2","5","3","7880","0","9","3","8","0"
"44","No","2","3","3","7879","1","9","2","8","6"
"38","No","1","3","3","7861","4","10","4","1","0"
"43","No","2","3","2","7847","1","10","3","10","8"
"35","No","3","4","3","7823","6","12","2","10","0"
"36","No","18","4","2","7779","2","18","0","11","0"
"34","No","3","1","2","7756","0","7","1","6","0"
"38","No","2","2","3","7756","3","10","6","5","0"
"33","No","6","3","2","7725","3","15","2","13","4"
"28","No","3","3","3","7655","0","10","3","9","1"
"49","Yes","11","3","3","7654","1","9","3","9","7"
"36","No","3","3","3","7644","0","10","2","9","3"
"37","No","19","2","3","7642","1","10","2","10","0"
"29","Yes","27","3","3","7639","1","10","3","10","1"
"59","No","25","3","3","7637","7","28","3","21","7"
"35","No","16","3","3","7632","4","10","2","8","0"
"38","No","1","4","2","7625","0","10","4","9","1"
"36","No","2","2","3","7596","1","10","2","10","9"
"36","No","8","4","3","7587","1","10","1","10","0"
"29","Yes","14","1","3","7553","0","9","1","8","7"
"31","No","7","3","2","7547","4","13","3","7","1"
"53","No","2","3","3","7525","2","30","2","15","6"
"43","No","11","3","3","7510","1","10","1","10","0"
"37","No","1","3","3","7491","4","12","3","6","1"
"51","No","1","4","3","7484","3","23","1","13","12"
"40","No","1","2","2","7457","2","6","2","4","0"
"31","Yes","1","5","3","7446","1","10","2","10","4"
"45","No","1","4","3","7441","1","10","4","10","7"
"37","No","3","3","3","7428","2","12","3","5","1"
"27","No","1","2","3","7412","1","9","3","9","0"
"42","No","24","3","3","7406","1","10","5","10","5"
"49","No","8","2","3","7403","4","29","3","26","1"
"46","No","2","4","2","7379","2","12","3","6","1"
"38","No","2","2","3","7351","7","10","2","1","0"
"29","Yes","23","1","3","7336","1","11","3","11","3"
"46","Yes","10","3","3","7314","5","14","2","8","0"
"35","No","1","5","3","7295","1","10","3","10","0"
"30","No","8","2","3","7264","5","10","2","8","7"
"56","No","7","3","3","7260","4","37","3","6","0"
"31","No","7","4","3","7143","1","11","2","11","4"
"30","No","15","2","3","7140","2","12","2","7","1"
"33","No","5","3","3","7119","4","9","2","3","1"
"33","No","8","4","2","7104","0","6","3","5","1"
"36","No","10","4","3","7094","3","10","0","7","1"
"34","No","1","3","3","7083","1","10","3","10","8"
"41","No","23","2","3","7082","3","21","2","2","0"
"53","No","24","4","3","7005","3","11","2","4","1"
"36","No","2","4","2","6962","4","15","2","1","0"
"33","No","1","3","2","6949","0","6","3","5","1"
"31","No","20","2","2","6932","1","9","2","9","0"
"29","No","20","2","2","6931","2","10","2","3","0"
"31","No","7","3","2","6929","4","10","3","8","7"
"38","No","2","2","2","6893","3","11","3","7","1"
"35","No","27","4","2","6883","2","17","3","7","0"
"30","No","2","3","2","6877","5","12","4","0","0"
"41","No","5","3","2","6870","3","11","3","3","1"
"38","No","3","4","2","6861","8","19","1","1","0"
"54","No","7","4","2","6854","4","14","2","7","1"
"40","No","10","3","2","6852","7","7","2","5","1"
"36","No","3","2","2","6842","6","13","3","5","0"
"28","No","1","2","2","6834","1","7","2","7","0"
"31","No","11","2","2","6833","1","6","2","6","0"
"42","No","8","4","2","6825","0","10","2","9","4"
"36","No","1","4","2","6815","6","15","5","1","0"
"31","No","24","3","2","6812","1","10","2","10","1"
"41","No","2","4","2","6811","2","10","3","8","0"
"27","No","7","3","2","6811","8","9","2","7","0"
"49","No","18","4","2","6804","1","7","0","7","1"
"43","No","15","3","2","6804","3","7","5","2","2"
"34","No","8","2","2","6799","1","10","5","10","4"
"50","Yes","8","2","2","6796","3","18","4","4","1"
"39","No","9","3","2","6782","9","9","2","5","0"
"42","No","2","4","2","6781","3","14","6","1","0"
"57","No","1","4","2","6755","2","15","2","3","1"
"32","Yes","1","2","2","6735","6","10","2","0","0"
"50","Yes","1","4","2","6728","7","12","3","6","0"
"32","No","3","4","2","6725","1","8","2","8","6"
"34","No","28","3","2","6712","1","8","2","8","1"
"30","Yes","26","4","2","6696","5","9","5","6","0"
"37","No","10","4","2","6694","2","8","5","1","0"
"34","No","2","4","2","6687","1","14","2","14","4"
"28","No","1","3","2","6674","0","10","6","9","7"
"38","Yes","29","1","2","6673","7","17","2","1","0"
"32","No","15","4","2","6667","5","9","6","5","1"
"36","No","1","5","2","6653","4","7","6","1","0"
"36","No","11","4","2","6652","4","8","2","6","0"
"49","No","5","4","2","6651","2","20","0","3","1"
"35","No","6","4","2","6646","1","17","3","17","11"
"29","No","2","3","2","6644","2","10","2","0","0"
"45","No","2","2","2","6632","0","9","3","8","3"
"29","No","7","3","2","6623","1","6","2","6","1"
"36","No","14","1","2","6586","0","17","2","16","4"
"31","No","10","2","2","6583","2","8","2","5","1"
"31","No","2","1","2","6582","4","10","2","6","0"
"30","No","10","3","2","6578","1","10","3","10","1"
"30","No","12","3","2","6577","0","6","6","5","4"
"49","No","20","4","2","6567","1","16","2","15","5"
"38","No","2","4","2","6553","9","14","3","1","0"
"28","No","29","1","2","6549","1","8","2","8","1"
"42","No","17","2","2","6545","3","10","1","3","0"
"35","No","9","4","2","6540","9","10","5","1","0"
"34","No","4","4","2","6538","9","6","3","3","1"
"32","No","5","2","2","6524","1","10","3","10","5"
"40","No","8","2","2","6516","2","18","3","1","0"
"40","No","1","3","2","6513","4","12","3","5","0"
"37","No","6","4","2","6502","4","7","5","5","0"
"34","No","8","2","2","6500","5","6","1","3","1"
"27","No","2","2","2","6500","0","9","5","8","0"
"36","No","11","3","2","6499","1","6","3","6","0"
"37","No","1","3","2","6474","1","14","2","14","3"
"39","No","1","3","2","6472","1","9","2","9","5"
"44","No","10","4","2","6465","2","9","5","4","1"
"37","No","1","4","2","6447","6","8","2","6","4"
"48","No","16","4","2","6439","8","18","2","8","7"
"45","No","7","4","2","6434","4","9","1","3","0"
"41","No","4","3","2","6430","6","10","4","3","1"
"31","No","2","3","2","6410","3","9","1","2","1"
"26","No","1","3","2","6397","1","6","6","6","1"
"47","Yes","27","2","2","6397","4","8","2","5","1"
"33","No","8","4","2","6392","2","8","6","2","2"
"39","No","3","3","2","6389","9","12","3","8","3"
"33","No","8","5","2","6388","2","14","6","0","0"
"55","No","18","4","2","6385","3","17","3","8","6"
"29","No","29","1","2","6384","8","11","3","7","1"
"40","Yes","22","2","2","6380","2","8","6","6","1"
"40","No","2","1","2","6377","5","15","0","12","11"
"27","No","1","1","2","6349","0","6","0","5","1"
"30","No","9","3","2","6347","0","12","2","11","4"
"37","No","5","2","2","6347","7","8","2","6","0"
"50","No","1","3","2","6347","0","19","3","18","0"
"37","No","16","4","2","6334","4","9","2","1","0"
"40","No","11","3","2","6323","1","10","2","10","9"
"32","No","9","4","2","6322","1","6","2","6","0"
"56","No","1","4","2","6306","1","13","2","13","1"
"29","No","1","3","2","6294","8","10","5","3","0"
"38","No","12","3","2","6288","2","13","3","4","1"
"34","No","2","3","2","6274","1","6","5","6","1"
"26","No","28","2","2","6272","1","6","5","5","1"
"42","No","2","5","2","6272","7","10","3","4","0"
"38","No","29","3","2","6261","3","9","3","7","1"
"42","No","14","2","2","6244","7","10","6","5","0"
"25","No","18","1","2","6232","2","6","3","3","1"
"41","No","10","2","2","6230","7","16","3","14","1"
"32","No","1","3","2","6220","1","10","3","10","0"
"27","No","8","4","2","6214","1","8","3","8","0"
"32","No","8","3","2","6209","1","10","4","10","0"
"36","No","1","2","2","6201","1","18","1","18","4"
"25","No","26","1","2","6180","1","6","5","6","1"
"31","Yes","22","4","2","6179","1","10","3","10","6"
"31","Yes","6","4","2","6172","4","12","3","7","7"
"32","No","1","3","2","6162","1","9","3","9","7"
"32","No","4","3","2","6162","1","14","3","14","6"
"41","No","10","2","2","6151","1","19","4","19","11"
"33","No","22","2","2","6146","0","8","2","7","0"
"34","No","8","2","2","6142","3","10","2","5","4"
"35","No","10","4","2","6142","3","10","4","5","0"
"27","No","4","3","2","6142","1","6","0","6","0"
"36","Yes","13","5","2","6134","5","16","3","2","2"
"51","No","7","4","2","6132","2","10","2","1","0"
"34","No","15","2","2","6125","1","10","6","10","9"
"39","No","21","4","2","6120","3","8","2","5","1"
"30","No","5","3","2","6118","1","10","2","10","1"
"30","No","2","3","2","6091","2","11","2","5","0"
"38","No","10","4","2","6077","3","10","2","6","1"
"34","Yes","7","3","2","6074","1","9","3","9","0"
"42","No","1","2","2","6062","9","8","4","4","0"
"41","No","6","3","2","6032","6","8","3","5","1"
"34","No","3","2","2","6029","5","6","3","2","2"
"41","Yes","1","2","2","5993","8","8","0","6","0"
"37","No","1","4","2","5993","1","7","2","7","0"
"44","No","1","4","2","5985","4","10","1","2","0"
"38","No","2","4","2","5980","6","17","2","15","4"
"37","No","6","3","2","5974","4","13","2","7","6"
"33","No","7","2","2","5968","1","9","2","9","2"
"34","No","2","4","2","5957","6","13","3","11","5"
"54","No","3","3","2","5940","2","16","4","6","0"
"44","No","4","3","2","5933","9","10","2","5","2"
"35","Yes","23","2","2","5916","3","8","1","1","0"
"31","No","7","4","2","5915","3","10","3","7","1"
"36","No","5","2","2","5914","8","16","3","13","3"
"45","No","25","2","2","5906","0","10","2","9","3"
"39","No","4","4","2","5902","4","17","1","15","5"
"32","No","5","2","2","5878","3","12","2","7","2"
"29","No","10","3","2","5869","9","8","2","5","1"
"31","No","12","3","2","5855","0","10","2","9","8"
"26","Yes","4","4","2","5828","1","8","0","8","7"
"35","Yes","27","3","2","5813","1","10","2","10","7"
"38","No","18","3","2","5811","3","15","2","1","1"
"36","No","4","4","2","5810","1","10","2","10","1"
"30","No","28","2","2","5775","1","11","2","10","1"
"46","No","5","4","2","5772","4","14","4","9","0"
"45","No","2","2","2","5770","1","10","3","10","3"
"27","No","10","3","2","5769","1","6","3","6","4"
"45","No","5","5","2","5769","1","10","3","10","1"
"37","No","19","3","2","5768","3","9","2","4","0"
"29","Yes","13","3","2","5765","5","7","4","5","0"
"35","No","2","2","2","5762","2","15","6","7","1"
"34","No","22","4","2","5747","1","16","3","15","6"
"38","No","23","4","2","5745","9","10","2","2","1"
"25","Yes","5","3","2","5744","1","6","1","6","0"
"44","No","1","5","2","5743","4","14","3","10","0"
"39","No","21","4","2","5736","6","10","1","3","1"
"37","No","25","2","2","5731","7","9","2","6","1"
"40","No","2","2","2","5715","7","8","5","5","1"
"34","No","9","1","2","5714","1","6","3","6","1"
"35","No","18","4","2","5689","1","10","2","10","0"
"43","No","9","5","2","5679","3","10","3","8","4"
"40","No","2","2","2","5677","3","15","4","11","5"
"43","No","2","4","2","5675","1","7","5","7","7"
"36","No","24","4","2","5674","7","11","3","9","0"
"36","No","10","4","2","5673","1","10","4","10","1"
"38","No","10","3","2","5666","1","6","1","5","1"
"28","No","16","2","2","5661","0","9","2","8","0"
"58","No","1","4","2","5660","2","12","2","5","1"
"36","No","16","4","2","5647","4","11","3","3","0"
"31","Yes","26","4","2","5617","1","10","4","10","0"
"40","No","26","3","2","5605","1","20","2","20","2"
"38","No","7","2","2","5605","1","8","3","8","7"
"45","No","9","4","2","5593","1","15","2","15","4"
"31","No","23","3","2","5582","0","10","2","9","7"
"52","No","6","2","2","5577","3","18","3","10","6"
"43","No","1","3","2","5562","4","12","2","5","2"
"36","No","6","4","2","5562","3","9","3","3","0"
"46","No","13","4","2","5562","6","19","3","10","0"
"29","No","3","2","2","5561","1","6","5","6","1"
"35","No","18","4","2","5561","0","6","2","5","0"
"42","No","13","3","2","5538","5","10","2","0","0"
"36","No","17","2","2","5507","2","12","1","4","1"
"33","No","2","4","2","5505","1","6","5","6","0"
"33","No","1","4","2","5488","1","6","2","6","1"
"33","No","10","4","2","5487","1","10","2","10","0"
"48","No","7","3","2","5486","4","15","3","2","2"
"54","No","19","4","2","5485","9","9","4","5","1"
"32","No","7","3","2","5484","1","13","3","13","4"
"34","No","1","4","2","5484","9","9","3","2","2"
"51","No","2","3","2","5482","5","13","3","4","1"
"31","No","5","4","2","5476","1","10","2","10","0"
"59","No","1","1","2","5473","7","20","2","4","1"
"40","No","9","2","2","5473","0","9","5","8","7"
"26","No","2","2","2","5472","1","8","2","8","1"
"32","No","2","3","2","5470","0","10","4","9","1"
"31","No","29","4","2","5468","1","13","3","12","5"
"41","No","22","3","2","5467","3","12","4","6","3"
"47","No","14","4","2","5467","8","16","4","8","1"
"31","No","6","4","2","5460","4","13","4","7","5"
"44","No","1","5","2","5454","5","9","2","4","1"
"51","No","21","4","2","5441","0","11","2","10","1"
"35","Yes","15","2","2","5440","6","7","2","2","2"
"34","No","3","3","2","5433","1","11","2","11","7"
"34","No","29","3","2","5429","4","10","1","8","7"
"55","No","20","2","2","5415","3","12","4","10","0"
"36","No","2","4","2","5410","9","18","2","16","5"
"42","No","18","4","2","5410","6","9","3","4","1"
"36","No","15","4","2","5406","1","15","4","15","11"
"60","No","16","4","2","5405","8","10","1","2","2"
"38","No","2","4","2","5405","2","20","4","4","0"
"45","No","1","4","2","5399","4","12","3","4","0"
"32","No","10","3","2","5396","1","10","2","10","0"
"49","No","2","3","2","5390","2","17","3","9","0"
"48","Yes","1","2","3","5381","9","23","2","1","0"
"56","No","11","5","2","5380","4","6","3","0","0"
"39","No","10","5","2","5377","2","10","3","7","7"
"33","No","1","3","2","5376","2","10","3","5","1"
"29","No","1","3","2","5373","0","6","5","5","0"
"33","No","16","3","2","5368","1","7","2","6","1"
"35","No","1","3","2","5363","0","10","0","9","0"
"36","No","26","4","2","5347","6","10","2","3","0"
"43","Yes","9","3","2","5346","8","7","2","4","1"
"34","Yes","9","4","2","5346","4","11","3","7","0"
"34","No","1","3","2","5343","0","14","3","13","4"
"38","No","10","2","2","5343","1","10","1","10","1"
"34","No","21","4","2","5337","1","10","3","10","5"
"31","No","2","4","2","5332","7","10","3","5","0"
"38","No","6","3","2","5329","7","17","3","13","1"
"26","Yes","8","3","2","5326","6","6","2","4","1"
"33","Yes","16","3","2","5324","5","6","3","3","0"
"38","No","6","4","2","5321","2","10","1","8","7"
"32","No","24","4","2","5309","1","10","2","10","4"
"34","Yes","19","3","2","5304","8","9","3","5","0"
"30","No","27","5","2","5304","7","10","2","8","7"
"30","No","16","1","2","5301","8","4","2","2","2"
"26","No","1","3","2","5296","1","8","3","8","7"
"39","No","12","3","2","5295","4","7","3","5","1"
"30","No","16","3","2","5294","3","10","3","7","1"
"42","No","21","2","2","5265","2","11","5","5","0"
"46","No","7","4","2","5258","2","7","2","1","0"
"43","No","10","4","2","5257","1","9","3","9","0"
"28","No","9","4","2","5253","1","7","1","7","0"
"38","No","2","2","2","5249","3","13","0","8","7"
"39","Yes","3","2","2","5238","4","12","3","1","0"
"31","No","24","1","2","5238","2","9","3","5","1"
"36","No","27","3","2","5237","6","17","3","7","7"
"42","No","3","3","2","5231","2","17","1","5","1"
"32","No","8","2","2","5228","1","13","2","13","11"
"36","No","1","3","2","5228","0","10","2","9","0"
"60","No","7","4","2","5220","0","12","3","11","1"
"45","No","7","3","3","5210","1","24","2","24","9"
"30","No","4","2","2","5209","1","11","4","11","2"
"35","No","18","5","2","5208","1","16","2","16","1"
"33","No","28","4","2","5207","1","15","3","15","5"
"25","No","2","1","2","5206","1","7","6","7","0"
"39","No","2","3","2","5204","8","13","2","5","0"
"35","No","7","4","2","5204","1","10","2","10","0"
"32","No","8","2","2","5175","5","9","3","5","1"
"59","No","3","3","2","5171","5","13","2","6","0"
"37","No","2","2","2","5163","5","17","2","1","0"
"55","Yes","2","1","2","5160","4","12","3","9","7"
"42","No","4","4","2","5155","7","9","3","6","1"
"45","No","2","4","2","5154","4","10","3","8","5"
"39","No","9","2","2","5151","1","10","3","10","7"
"33","No","2","3","2","5147","8","13","2","11","1"
"36","No","4","2","2","5131","7","18","3","4","0"
"49","No","8","1","2","5130","1","10","3","10","1"
"30","No","1","1","2","5126","1","10","1","10","3"
"34","No","8","5","2","5121","3","7","3","0","0"
"35","No","9","4","2","5098","1","10","5","10","0"
"40","No","16","4","2","5094","6","10","6","1","0"
"35","No","2","4","2","5093","2","16","2","1","0"
"42","No","12","4","2","5087","3","14","4","0","0"
"36","No","8","4","2","5079","4","12","3","7","0"
"27","No","2","1","2","5071","3","8","3","6","0"
"47","No","2","2","2","5070","5","20","2","5","0"
"47","No","16","4","2","5067","1","20","3","19","2"
"34","No","10","4","2","5063","1","8","3","8","7"
"29","No","8","1","2","5056","1","10","2","10","1"
"32","No","2","4","2","5055","7","10","0","7","0"
"39","No","4","3","2","5042","0","10","2","9","3"
"44","No","1","4","2","5033","2","10","5","2","2"
"46","No","5","2","2","5021","8","16","2","4","0"
"32","No","6","4","2","5010","1","12","0","11","5"
"45","No","4","2","2","5006","4","9","3","5","0"
"41","No","7","2","2","5003","6","8","6","2","2"
"31","No","1","3","2","5003","1","10","6","10","8"
"24","No","3","2","2","4999","0","4","2","3","0"
"32","No","2","2","2","4998","4","10","2","8","0"
"47","No","2","4","2","4978","7","4","3","1","0"
"26","Yes","29","2","2","4969","8","7","6","2","2"
"35","No","11","2","2","4968","1","5","3","5","0"
"30","No","2","4","1","4968","0","10","2","9","0"
"56","Yes","14","4","1","4963","9","7","2","5","4"
"47","No","14","4","2","4960","2","20","2","7","1"
"25","No","10","4","2","4950","0","5","4","4","1"
"36","No","6","2","2","4941","6","7","0","3","0"
"52","Yes","8","4","2","4941","2","11","3","8","7"
"51","No","14","2","2","4936","4","18","2","7","0"
"28","No","8","2","1","4936","1","6","6","5","0"
"35","No","2","4","1","4930","0","6","2","5","1"
"28","No","5","4","2","4908","1","4","3","4","0"
"42","No","1","1","2","4907","1","20","3","20","11"
"25","No","8","2","2","4907","0","6","3","5","0"
"57","No","1","2","2","4900","0","13","2","12","2"
"25","No","1","3","2","4898","0","5","3","4","1"
"28","No","7","3","2","4898","0","5","5","4","1"
"32","Yes","7","2","2","4883","1","10","3","10","1"
"33","No","15","2","2","4878","0","10","6","9","8"
"28","No","27","3","2","4877","0","6","5","5","0"
"40","No","9","5","2","4876","9","5","5","3","0"
"43","No","27","3","1","4876","5","8","0","6","0"
"54","No","20","4","2","4869","3","20","4","4","0"
"35","No","1","3","2","4859","1","5","3","5","0"
"38","Yes","2","3","2","4855","4","7","2","5","1"
"25","No","8","3","2","4851","0","4","4","3","1"
"45","No","20","3","2","4850","8","8","3","5","0"
"42","No","2","3","1","4841","4","4","3","1","0"
"36","Yes","15","3","2","4834","7","9","3","1","0"
"31","No","5","4","1","4821","0","6","4","5","0"
"46","No","18","3","2","4810","2","19","5","10","0"
"34","No","6","4","2","4809","1","16","3","16","2"
"45","No","2","3","2","4805","0","9","3","8","3"
"49","No","3","2","2","4789","4","10","3","3","1"
"35","No","16","2","2","4788","0","4","2","3","0"
"29","Yes","1","4","1","4787","9","4","3","2","2"
"28","No","2","4","2","4779","1","8","2","8","7"
"30","No","7","4","2","4779","7","8","3","3","0"
"37","Yes","11","2","2","4777","5","15","2","1","0"
"22","No","1","2","2","4775","6","4","2","2","2"
"27","No","15","3","1","4774","0","8","2","7","7"
"38","No","9","2","1","4771","2","10","0","5","0"
"44","No","1","5","2","4768","7","11","4","1","0"
"41","No","12","4","1","4766","3","6","4","1","0"
"43","No","8","3","2","4765","4","4","2","1","0"
"34","No","3","3","2","4759","3","15","2","13","3"
"26","No","11","2","2","4741","1","5","3","5","3"
"43","No","28","3","1","4739","4","18","2","3","1"
"30","No","25","2","2","4736","7","4","2","2","2"
"38","No","1","3","2","4735","7","19","4","13","2"
"50","Yes","1","4","2","4728","3","5","4","0","0"
"28","No","26","3","2","4724","1","5","0","5","0"
"34","No","10","4","2","4724","1","9","3","9","7"
"29","No","3","1","1","4723","1","10","3","10","1"
"41","No","6","3","1","4721","2","20","3","18","2"
"35","No","1","3","2","4717","9","15","2","11","6"
"32","Yes","11","4","2","4707","8","6","2","4","1"
"30","No","9","2","2","4695","7","10","3","8","1"
"26","No","10","3","2","4684","1","5","4","5","1"
"33","No","10","3","2","4682","3","9","6","7","0"
"37","No","10","2","1","4680","3","4","2","1","0"
"36","No","7","4","1","4678","2","8","6","6","0"
"32","No","9","2","2","4668","0","9","2","8","0"
"36","No","12","4","2","4663","9","7","2","3","1"
"40","No","2","3","2","4661","1","9","4","9","8"
"29","No","2","3","2","4649","1","4","3","4","0"
"32","No","10","4","2","4648","8","4","2","0","0"
"27","No","3","1","2","4647","1","6","3","6","0"
"36","No","7","3","2","4639","2","17","2","15","6"
"40","No","14","2","2","4639","1","5","2","5","1"
"30","No","6","3","2","4627","0","10","6","9","6"
"27","No","8","5","1","4621","1","3","4","3","1"
"24","No","1","2","2","4617","1","4","2","4","1"
"46","No","8","4","2","4615","8","19","2","16","1"
"35","Yes","18","4","2","4614","0","5","0","4","3"
"35","No","18","3","2","4601","1","5","3","5","1"
"34","Yes","24","4","2","4599","0","16","2","15","10"
"47","No","14","3","2","4591","3","11","4","5","1"
"35","Yes","12","4","2","4581","3","13","2","11","6"
"24","Yes","3","2","2","4577","9","4","3","2","2"
"34","No","23","4","2","4568","0","10","2","9","8"
"31","Yes","20","3","2","4559","3","4","2","2","2"
"28","No","17","2","2","4558","1","10","2","10","1"
"42","No","29","2","2","4556","2","19","3","5","0"
"29","No","2","2","2","4554","1","10","3","10","0"
"39","No","2","4","2","4553","1","20","4","20","11"
"44","No","29","4","2","4541","1","20","3","20","13"
"33","No","25","3","2","4539","1","10","3","10","0"
"34","No","2","3","2","4538","0","4","3","3","0"
"47","No","2","2","2","4537","0","8","2","7","7"
"39","No","18","2","2","4534","0","9","6","8","1"
"42","No","28","4","2","4523","0","7","4","6","0"
"43","No","8","4","2","4522","4","8","3","5","0"
"33","Yes","29","4","2","4508","1","14","4","13","3"
"49","No","11","4","2","4507","3","8","1","5","0"
"34","No","6","4","2","4505","6","12","3","1","0"
"36","No","2","4","2","4502","3","17","2","13","6"
"34","No","11","3","2","4490","4","14","5","10","1"
"25","No","4","2","2","4487","1","5","3","5","1"
"36","No","3","3","2","4485","4","10","2","8","7"
"27","No","2","3","2","4478","1","5","3","5","0"
"45","No","7","3","1","4477","4","7","2","3","0"
"32","No","26","4","2","4465","0","4","2","3","2"
"53","No","13","2","2","4450","1","5","3","4","1"
"37","No","25","5","2","4449","3","15","2","13","10"
"40","No","12","3","2","4448","2","15","3","7","7"
"45","No","4","2","2","4447","1","9","5","9","0"
"34","No","19","3","2","4444","4","15","2","11","5"
"54","No","10","3","2","4440","6","9","3","5","1"
"38","No","1","4","2","4440","0","16","3","15","5"
"42","No","29","3","2","4434","1","10","3","9","7"
"35","No","2","3","2","4425","5","10","5","6","1"
"31","No","8","4","2","4424","1","11","2","11","1"
"40","No","26","2","2","4422","3","16","3","1","0"
"26","No","3","4","1","4420","1","8","2","8","0"
"34","No","8","3","2","4404","2","6","3","4","1"
"32","No","13","4","2","4403","2","8","3","5","0"
"24","No","9","3","1","4401","1","5","1","5","0"
"25","Yes","9","2","1","4400","3","6","2","3","2"
"41","No","8","3","2","4393","5","14","3","5","1"
"45","No","26","3","2","4385","1","10","2","10","4"
"28","Yes","2","4","1","4382","6","5","3","2","2"
"34","No","2","4","1","4381","1","6","3","6","1"
"24","No","17","1","2","4377","1","5","6","4","3"
"36","No","1","4","2","4374","0","4","6","3","1"
"33","No","7","3","2","4373","0","5","2","4","0"
"26","No","1","2","1","4364","3","5","2","2","2"
"31","No","1","4","2","4345","0","6","2","5","1"
"27","No","8","1","2","4342","0","5","3","4","1"
"29","No","27","3","2","4335","4","11","3","8","1"
"42","No","23","2","2","4332","1","20","2","20","3"
"40","No","2","4","2","4327","5","5","2","0","0"
"34","No","1","2","2","4325","1","5","2","5","1"
"35","No","8","4","1","4323","1","6","2","5","1"
"33","No","25","3","2","4320","1","5","2","5","0"
"29","No","1","1","2","4319","1","10","1","10","0"
"38","No","3","5","2","4317","3","19","2","3","2"
"35","No","1","4","2","4312","0","16","2","15","2"
"31","No","7","2","2","4306","1","13","5","13","3"
"26","No","29","2","2","4306","5","8","5","0","0"
"33","No","7","3","2","4302","0","4","3","3","0"
"27","No","1","1","2","4298","5","6","1","2","2"
"26","No","1","3","2","4294","1","7","2","7","0"
"45","Yes","26","4","2","4286","2","5","4","1","0"
"37","No","13","3","2","4285","1","10","2","10","3"
"49","Yes","28","2","2","4284","3","20","2","4","1"
"37","No","7","4","2","4284","5","16","2","5","0"
"42","No","29","3","2","4272","4","16","3","1","0"
"29","No","19","3","2","4262","4","8","2","3","1"
"24","No","10","4","2","4260","1","5","2","5","0"
"52","No","19","4","1","4258","0","5","3","4","1"
"56","No","8","3","1","4257","4","19","3","2","2"
"25","No","4","1","2","4256","1","5","1","5","0"
"35","No","4","4","2","4249","1","9","3","9","1"
"40","No","2","2","2","4244","1","8","2","8","3"
"48","No","6","3","2","4240","2","19","0","2","2"
"31","Yes","13","4","2","4233","2","9","2","3","1"
"35","No","22","3","1","4230","0","6","2","5","4"
"27","No","2","4","2","4227","0","4","2","3","2"
"28","No","4","3","2","4221","1","5","3","5","0"
"37","Yes","10","4","2","4213","1","10","4","10","0"
"32","Yes","9","3","1","4200","7","10","2","5","0"
"38","No","16","3","2","4198","2","8","5","3","1"
"37","No","10","4","2","4197","2","18","2","1","0"
"31","No","20","3","2","4197","1","10","2","10","0"
"25","No","3","1","2","4194","1","5","3","5","0"
"29","No","15","2","2","4193","0","10","3","9","0"
"37","No","9","2","2","4189","1","5","2","5","0"
"29","No","5","3","2","4187","1","10","3","10","0"
"22","Yes","3","1","2","4171","0","4","3","3","0"
"47","No","4","2","2","4163","1","9","0","9","0"
"24","No","4","1","2","4162","1","5","3","5","0"
"26","No","23","3","2","4157","7","5","2","2","0"
"30","No","2","3","2","4152","1","11","3","11","10"
"31","No","1","1","2","4148","1","4","1","4","0"
"35","No","8","4","2","4148","1","15","5","14","2"
"39","No","20","3","2","4127","2","7","6","2","2"
"30","No","29","4","2","4115","8","8","3","4","0"
"39","No","24","1","2","4108","7","18","2","7","1"
"37","No","3","3","2","4107","3","8","3","4","0"
"27","No","9","3","2","4105","1","7","5","7","0"
"41","No","1","3","2","4103","0","10","2","9","1"
"42","No","2","4","2","4089","1","10","4","10","2"
"32","No","1","4","2","4087","4","9","3","6","1"
"31","Yes","3","3","1","4084","1","7","2","7","7"
"43","No","6","3","2","4081","1","20","3","20","1"
"32","No","2","1","2","4078","0","4","3","3","1"
"37","No","8","2","2","4071","2","19","4","10","4"
"40","No","8","2","2","4069","3","8","2","2","2"
"27","No","19","3","1","4066","1","7","3","7","0"
"48","No","2","5","2","4051","2","14","2","9","6"
"33","No","1","3","2","4037","1","9","5","9","0"
"55","No","4","4","2","4035","0","4","2","3","1"
"34","No","2","2","2","4033","2","5","3","3","0"
"25","Yes","3","3","1","4031","5","6","5","2","0"
"38","No","7","4","2","4028","0","8","2","7","0"
"32","No","29","4","1","4025","9","10","2","8","7"
"29","No","13","2","2","4025","4","10","2","4","0"
"35","No","23","4","1","4014","3","4","3","2","2"
"35","No","21","1","2","4014","1","10","2","10","0"
"24","No","11","2","2","4011","0","5","5","4","1"
"30","No","1","2","2","4011","1","12","2","12","3"
"34","No","10","3","2","4001","1","15","3","15","0"
"25","No","5","2","2","4000","1","6","2","6","1"
"23","Yes","8","1","1","3989","1","5","2","5","1"
"34","No","5","2","2","3986","1","15","3","15","4"
"29","No","9","5","1","3983","0","4","2","3","2"
"31","No","4","3","1","3978","8","4","0","2","2"
"25","No","2","1","1","3977","6","7","2","2","0"
"40","No","9","4","2","3975","3","11","2","8","0"
"42","No","8","3","1","3968","4","8","3","0","0"
"26","No","1","2","1","3955","1","6","2","5","1"
"38","No","2","3","1","3944","5","6","3","3","1"
"37","No","10","3","1","3936","1","8","2","8","7"
"32","No","4","2","1","3931","2","6","5","4","1"
"31","No","12","1","1","3929","8","7","0","4","0"
"37","No","1","2","1","3920","2","17","2","3","0"
"32","Yes","16","1","1","3919","1","10","5","10","6"
"35","No","10","3","1","3917","1","3","4","3","1"
"24","No","29","1","1","3907","1","6","2","6","1"
"39","Yes","23","3","1","3904","0","6","2","5","0"
"26","No","2","1","1","3904","0","5","2","4","1"
"39","No","19","4","2","3902","8","7","2","2","2"
"22","Yes","4","1","1","3894","5","4","3","2","1"
"36","No","2","1","2","3886","1","10","2","10","0"
"50","No","8","4","1","3875","7","4","2","2","2"
"28","No","2","3","1","3867","1","2","2","2","2"
"33","No","4","4","1","3838","8","8","5","5","0"
"30","No","1","3","1","3833","3","7","2","2","0"
"27","No","1","2","1","3816","1","5","2","5","0"
"34","No","10","4","1","3815","1","5","4","5","2"
"29","No","20","1","1","3812","1","11","3","11","3"
"29","No","28","4","1","3785","1","5","3","5","0"
"54","No","8","4","2","3780","7","19","3","1","0"
"30","No","5","4","1","3761","9","10","3","5","0"
"29","No","1","3","1","3760","1","3","5","3","1"
"24","No","2","1","1","3760","1","6","2","6","1"
"39","No","8","1","1","3755","1","8","3","8","0"
"30","No","1","2","1","3748","1","12","6","12","1"
"35","Yes","14","4","1","3743","1","5","2","4","0"
"34","No","3","2","1","3737","0","4","1","3","0"
"32","Yes","1","3","1","3730","0","4","2","3","1"
"31","Yes","2","3","1","3722","6","7","2","2","2"
"44","No","24","3","1","3708","2","9","5","5","1"
"38","No","6","2","1","3702","1","5","3","5","0"
"45","No","8","4","2","3697","9","12","3","10","9"
"36","No","3","3","1","3692","1","12","2","11","0"
"25","Yes","4","1","1","3691","1","7","3","7","5"
"50","No","1","3","1","3690","2","5","2","3","0"
"36","No","18","4","1","3688","4","4","2","1","0"
"35","No","25","2","2","3681","4","9","3","3","0"
"42","No","9","2","1","3673","1","12","3","12","5"
"25","No","19","1","1","3669","3","7","6","3","1"
"28","No","10","3","2","3660","3","10","4","8","1"
"39","Yes","2","3","1","3646","2","11","2","1","0"
"45","No","23","2","2","3633","1","9","2","9","0"
"37","No","11","3","1","3629","4","8","6","3","0"
"34","No","1","2","1","3622","1","6","3","6","1"
"40","No","9","4","1","3617","8","3","2","1","0"
"33","No","2","3","1","3600","1","5","2","5","1"
"24","No","24","3","1","3597","8","6","2","4","1"
"28","No","1","3","1","3591","1","3","3","3","1"
"49","No","1","3","1","3580","2","7","2","4","0"
"30","No","1","3","1","3579","0","12","2","11","5"
"26","No","7","3","1","3578","0","8","2","7","0"
"37","No","21","3","1","3564","1","8","3","8","1"
"40","No","16","2","1","3544","9","6","0","4","0"
"27","No","23","1","2","3540","1","9","5","9","5"
"43","No","2","3","1","3539","0","10","5","9","1"
"55","No","22","3","1","3537","5","8","1","4","1"
"27","No","8","3","1","3517","7","5","0","3","0"
"35","No","6","1","1","3506","0","4","3","3","2"
"23","No","10","1","1","3505","1","2","3","2","0"
"37","No","5","2","1","3500","0","7","2","6","1"
"30","No","7","4","2","3491","1","10","4","10","8"
"28","Yes","2","4","1","3485","2","5","5","0","0"
"52","No","29","4","1","3482","2","16","3","9","0"
"31","Yes","29","2","1","3479","0","6","2","5","1"
"31","No","2","4","1","3477","1","6","2","5","0"
"27","No","2","1","1","3468","9","6","3","2","2"
"28","Yes","2","4","1","3464","5","5","4","3","2"
"45","No","29","3","1","3452","5","9","2","6","0"
"37","No","10","3","1","3452","6","17","3","5","0"
"33","No","13","1","1","3452","3","5","4","3","0"
"40","No","2","3","2","3448","6","20","3","1","0"
"21","No","22","1","1","3447","1","3","2","3","1"
"27","No","8","3","1","3445","1","6","5","6","1"
"28","Yes","5","4","1","3441","1","2","3","2","2"
"32","No","10","3","1","3433","6","10","3","5","1"
"25","No","2","1","1","3424","7","6","3","4","0"
"46","No","1","2","1","3423","6","10","3","7","5"
"47","No","1","3","1","3420","7","17","2","6","1"
"44","No","20","3","1","3420","1","6","3","5","1"
"36","No","5","4","1","3419","9","6","3","1","0"
"33","Yes","10","1","1","3408","7","8","2","4","1"
"36","Yes","9","4","1","3407","7","10","4","5","0"
"35","No","28","3","2","3407","1","10","3","10","6"
"36","Yes","9","3","1","3388","0","2","0","1","0"
"40","No","2","2","1","3377","4","7","5","4","0"
"41","No","7","2","1","3376","1","10","3","10","0"
"22","No","1","2","1","3375","0","4","2","3","1"
"33","Yes","3","3","1","3348","1","10","3","10","9"
"58","No","9","3","1","3346","4","9","3","1","0"
"29","Yes","7","3","1","3339","3","10","2","7","7"
"40","No","24","2","2","3319","1","9","3","9","4"
"32","No","5","4","1","3312","3","6","3","3","0"
"28","No","8","2","1","3310","1","5","3","5","0"
"38","No","4","2","1","3306","7","7","5","0","0"
"32","No","5","2","1","3298","0","7","5","6","0"
"23","No","4","1","1","3295","1","3","3","3","1"
"47","No","2","4","1","3294","1","3","3","3","1"
"34","No","1","3","1","3294","5","7","2","5","0"
"29","No","10","3","1","3291","0","8","2","7","1"
"34","No","1","4","1","3280","2","10","2","4","1"
"21","No","3","2","1","3230","1","3","4","3","1"
"25","No","1","3","1","3229","4","7","2","3","0"
"50","No","28","1","1","3221","1","20","3","20","3"
"52","No","2","3","1","3212","7","6","3","2","2"
"49","No","25","4","1","3211","1","10","3","9","1"
"36","No","6","3","1","3210","0","16","4","15","10"
"30","No","5","3","1","3204","5","8","3","3","2"
"24","Yes","1","1","1","3202","1","6","4","5","1"
"28","No","2","1","1","3201","0","6","2","5","0"
"28","No","19","4","1","3196","1","6","2","6","3"
"44","No","1","3","1","3195","4","8","2","2","2"
"29","No","2","1","1","3180","0","4","3","3","0"
"24","Yes","9","3","1","3172","2","4","2","0","0"
"24","No","4","1","1","3162","0","6","2","5","3"
"44","No","5","3","1","3162","3","7","5","5","0"
"44","Yes","24","3","1","3161","3","19","0","1","0"
"52","No","11","4","2","3149","8","9","3","5","1"
"33","No","8","4","1","3143","6","14","1","10","7"
"41","Yes","20","2","1","3140","1","4","5","4","0"
"29","No","6","1","1","3131","1","10","5","10","0"
"21","No","5","1","1","3117","1","3","2","2","2"
"26","Yes","3","1","1","3102","0","7","2","6","0"
"30","No","9","3","2","3072","1","12","4","12","6"
"41","No","19","2","2","3072","2","17","2","1","0"
"39","No","3","2","2","3069","0","11","3","10","0"
"32","No","2","2","1","3068","0","8","2","7","3"
"31","No","2","2","1","3067","0","3","1","2","1"
"31","No","3","2","1","3065","1","4","3","4","2"
"27","No","17","3","1","3058","0","6","3","5","1"
"38","No","2","5","1","3057","6","6","0","1","0"
"33","No","4","3","2","3055","5","11","2","9","1"
"27","Yes","2","1","1","3041","0","5","3","4","0"
"36","No","6","3","1","3038","3","5","3","1","0"
"32","No","6","5","1","3038","3","8","2","5","1"
"37","No","14","3","1","3034","1","18","2","18","12"
"20","No","3","3","1","3033","1","2","2","2","1"
"37","No","19","2","1","3022","4","8","1","1","0"
"37","No","4","1","1","2996","7","8","2","6","1"
"34","No","1","4","1","2996","5","10","2","4","1"
"19","No","25","3","1","2994","1","1","2","1","0"
"38","No","1","4","1","2991","0","7","2","6","1"
"30","No","7","1","1","2983","0","4","3","3","1"
"34","No","3","4","1","2979","3","6","2","0","0"
"35","No","1","4","1","2977","1","4","5","4","1"
"47","No","4","1","2","2976","3","5","3","0","0"
"29","No","9","4","1","2974","9","9","2","5","1"
"37","No","21","2","1","2973","5","10","3","5","0"
"20","Yes","4","3","1","2973","1","1","2","1","0"
"34","No","7","4","1","2972","1","1","4","1","0"
"26","No","5","3","1","2966","0","5","2","4","0"
"34","Yes","6","1","1","2960","2","8","2","4","1"
"32","No","1","1","1","2956","1","1","2","1","0"
"31","Yes","18","5","1","2956","0","2","4","1","0"
"52","No","8","4","1","2950","9","12","2","5","0"
"26","No","25","1","1","2942","1","8","3","8","5"
"56","No","9","3","1","2942","2","18","4","5","0"
"44","Yes","10","4","1","2936","1","6","4","6","0"
"42","No","10","4","1","2936","3","10","1","6","3"
"22","No","16","2","1","2935","1","1","2","1","0"
"26","No","1","2","1","2933","1","1","3","1","1"
"34","No","2","4","1","2932","0","6","3","5","1"
"34","No","19","3","1","2929","1","10","3","10","8"
"20","Yes","6","3","1","2926","1","1","5","1","1"
"31","No","26","1","1","2911","1","5","1","5","4"
"33","No","5","4","1","2911","1","2","2","2","0"
"33","No","3","4","1","2909","1","8","3","8","3"
"28","Yes","1","3","1","2909","3","5","3","3","1"
"23","No","26","1","1","2904","1","4","2","4","0"
"38","No","9","3","1","2899","0","3","3","2","1"
"54","No","9","2","2","2897","3","9","6","4","2"
"25","No","7","1","1","2889","1","2","2","2","2"
"26","No","23","3","1","2886","1","3","3","3","0"
"24","Yes","7","3","1","2886","1","6","4","6","1"
"26","No","4","2","1","2875","1","8","2","8","2"
"22","No","15","3","1","2871","1","1","5","0","0"
"26","No","1","3","1","2867","0","8","6","7","7"
"27","Yes","22","3","1","2863","1","1","2","1","0"
"30","No","16","1","1","2862","1","10","2","10","0"
"35","No","1","3","1","2859","1","6","3","6","0"
"38","No","1","3","1","2858","4","20","3","1","0"
"28","No","3","3","1","2856","1","1","3","1","0"
"22","Yes","3","4","1","2853","0","1","5","0","0"
"33","Yes","5","3","1","2851","1","1","2","1","0"
"38","No","1","3","1","2844","1","7","2","7","5"
"51","No","6","2","1","2838","0","8","6","7","7"
"32","No","29","4","1","2837","1","6","3","6","4"
"20","No","1","3","1","2836","1","1","0","1","0"
"36","No","3","2","1","2835","5","7","2","1","0"
"32","No","2","1","1","2827","1","1","3","1","0"
"38","No","3","4","1","2821","3","8","2","2","2"
"23","No","4","3","1","2819","2","5","3","3","0"
"44","No","8","4","1","2818","2","10","2","3","0"
"22","No","26","2","1","2814","1","4","2","4","1"
"27","No","16","4","1","2811","9","4","2","2","2"
"36","No","9","4","1","2810","1","5","3","5","0"
"40","No","2","4","1","2809","2","8","2","2","2"
"29","No","6","1","1","2804","1","1","3","1","0"
"29","Yes","1","3","1","2800","6","5","3","3","0"
"33","No","1","4","1","2799","3","6","1","3","0"
"32","Yes","25","4","1","2795","1","1","2","1","0"
"32","No","7","3","1","2794","1","5","3","5","0"
"37","No","4","4","1","2793","4","13","2","9","5"
"31","No","20","3","1","2791","0","3","4","2","2"
"31","No","5","3","1","2789","1","2","5","2","2"
"31","Yes","2","3","1","2785","7","3","3","1","0"
"20","No","2","3","1","2783","1","2","3","2","2"
"37","No","10","1","1","2782","0","6","3","5","4"
"41","No","1","3","1","2782","3","12","3","5","1"
"33","No","9","3","1","2781","0","15","5","14","4"
"41","Yes","2","4","1","2778","4","10","1","7","1"
"24","No","18","1","1","2774","0","6","2","5","1"
"22","No","6","1","1","2773","0","3","3","2","2"
"34","No","2","4","1","2768","3","14","3","7","5"
"42","No","12","3","1","2766","8","7","6","5","0"
"29","Yes","9","3","1","2760","1","2","3","2","2"
"42","Yes","19","3","1","2759","6","7","2","2","2"
"33","No","14","3","1","2756","1","8","5","8","1"
"36","Yes","16","4","1","2743","1","18","1","17","15"
"32","No","13","3","1","2743","1","2","2","2","2"
"34","Yes","9","4","1","2742","1","2","0","2","2"
"40","No","19","2","2","2741","8","15","2","7","3"
"26","Yes","17","4","1","2741","0","8","2","7","1"
"36","No","6","4","1","2741","1","7","4","7","1"
"20","No","9","1","1","2728","1","2","3","2","0"
"24","No","23","3","1","2725","1","6","3","6","1"
"51","No","1","3","1","2723","1","1","0","1","0"
"30","No","2","1","1","2720","0","6","3","5","1"
"29","No","1","4","1","2720","1","10","5","10","2"
"32","No","5","4","1","2718","2","12","3","7","0"
"21","Yes","12","3","1","2716","1","1","0","1","0"
"28","No","21","3","1","2713","1","5","2","5","0"
"33","Yes","2","2","1","2707","7","13","3","9","1"
"28","No","1","2","1","2706","1","3","2","3","2"
"35","No","23","4","1","2705","0","6","2","5","0"
"29","No","2","3","1","2703","0","6","3","5","0"
"28","No","6","3","1","2703","1","3","2","3","0"
"29","No","23","2","1","2700","1","10","3","10","0"
"42","No","2","1","1","2696","0","4","5","3","1"
"31","No","2","4","1","2695","0","3","2","2","2"
"24","No","9","3","1","2694","1","1","4","1","0"
"30","No","24","1","1","2693","1","1","2","1","0"
"21","Yes","18","1","1","2693","1","1","3","1","0"
"34","No","1","5","1","2691","1","10","4","10","8"
"35","No","7","2","1","2690","1","1","5","1","0"
"33","Yes","1","4","1","2686","1","10","2","10","7"
"38","No","10","1","1","2684","0","3","0","2","0"
"50","Yes","3","2","1","2683","1","3","2","3","0"
"21","Yes","7","1","1","2679","1","1","3","1","1"
"20","No","21","3","1","2678","1","2","2","2","2"
"59","No","3","3","1","2670","4","12","3","1","0"
"55","No","2","4","1","2662","8","19","2","5","0"
"34","No","19","2","1","2661","0","3","2","2","1"
"35","No","11","4","1","2660","7","5","3","2","2"
"26","No","6","3","1","2659","1","3","2","3","0"
"30","Yes","3","3","1","2657","5","8","5","5","0"
"31","No","9","4","1","2657","0","3","5","2","2"
"48","Yes","7","2","1","2655","2","19","3","9","7"
"45","No","10","2","1","2654","3","8","3","2","0"
"23","No","12","2","1","2647","1","5","6","5","1"
"43","No","2","2","1","2645","1","6","3","5","1"
"36","No","2","4","1","2644","3","7","3","3","1"
"29","No","10","3","1","2642","1","1","6","1","0"
"30","No","18","3","1","2632","1","5","4","5","0"
"21","Yes","10","2","1","2625","1","2","2","2","2"
"33","No","4","4","1","2622","6","7","3","3","1"
"38","No","1","1","1","2619","3","8","3","0","0"
"30","No","23","3","1","2613","1","10","2","10","0"
"21","No","9","2","1","2610","1","3","3","3","2"
"31","Yes","15","3","1","2610","1","2","5","2","2"
"38","No","7","3","1","2610","1","4","2","4","0"
"20","Yes","11","3","1","2600","1","1","2","1","0"
"28","Yes","1","3","1","2596","1","1","2","1","0"
"42","No","2","3","1","2593","0","10","4","9","7"
"38","No","2","3","1","2592","5","13","3","11","3"
"49","No","16","3","1","2587","4","17","2","2","2"
"56","Yes","24","2","1","2587","1","5","3","4","1"
"34","No","20","3","1","2585","0","2","5","1","0"
"27","No","2","3","1","2580","2","6","0","4","1"
"34","No","14","3","1","2579","1","8","3","8","0"
"42","No","1","4","1","2576","3","8","5","5","1"
"35","No","8","4","1","2572","1","3","1","3","0"
"36","No","23","2","2","2571","4","17","3","5","0"
"26","No","7","3","1","2570","1","7","5","7","5"
"27","No","3","3","1","2566","1","1","2","1","0"
"19","Yes","2","2","1","2564","1","1","3","1","0"
"30","No","2","3","1","2564","0","12","2","11","6"
"28","Yes","2","2","1","2561","7","8","2","0","0"
"35","No","27","1","1","2559","1","6","3","6","1"
"44","No","9","2","1","2559","1","8","0","8","7"
"48","No","2","2","1","2559","5","7","4","1","0"
"34","No","16","4","1","2553","1","6","3","5","1"
"19","No","9","2","1","2552","1","1","4","1","0"
"29","Yes","25","5","1","2546","5","6","2","2","1"
"26","No","6","3","1","2544","0","8","3","7","7"
"36","No","2","3","1","2543","4","6","3","2","2"
"27","No","6","3","1","2539","1","4","0","4","2"
"27","No","11","3","1","2534","8","5","4","1","0"
"29","No","7","1","1","2532","6","8","5","4","0"
"22","No","2","1","1","2523","0","3","2","2","2"
"36","No","2","4","1","2519","4","16","6","11","3"
"27","No","4","2","1","2517","1","5","2","5","0"
"42","No","2","1","1","2515","5","8","2","2","2"
"28","Yes","12","1","1","2515","1","1","4","1","0"
"29","No","28","4","1","2514","4","11","1","7","1"
"35","No","1","4","1","2506","3","7","0","2","2"
"31","No","1","4","1","2501","1","1","4","1","1"
"33","No","2","3","1","2500","0","4","2","3","0"
"23","No","9","1","1","2500","1","5","2","4","0"
"33","No","2","3","1","2496","4","7","3","1","0"
"58","Yes","2","3","1","2479","4","7","4","1","0"
"27","No","5","3","1","2478","1","4","2","4","1"
"30","No","2","1","1","2476","1","1","3","1","0"
"22","Yes","7","1","1","2472","1","1","2","1","0"
"38","No","2","2","1","2468","4","9","4","6","0"
"51","Yes","4","4","1","2461","9","18","2","10","2"
"43","No","10","4","1","2455","0","9","5","8","1"
"41","No","14","3","1","2451","4","13","2","9","1"
"22","No","8","1","1","2451","1","4","3","4","1"
"29","No","9","3","1","2451","6","5","2","1","0"
"53","No","6","3","2","2450","2","19","4","2","2"
"35","No","1","3","1","2450","1","3","3","3","1"
"38","No","2","3","1","2440","1","4","3","4","3"
"29","Yes","24","2","1","2439","1","1","3","1","1"
"32","No","2","3","1","2439","1","4","4","4","1"
"43","No","9","3","1","2438","4","7","2","3","1"
"43","Yes","17","3","1","2437","9","6","4","1","0"
"33","Yes","14","3","1","2436","5","8","2","5","0"
"44","No","1","3","1","2436","6","6","2","4","1"
"32","Yes","5","2","1","2432","3","8","2","4","0"
"35","No","28","4","1","2430","0","6","5","5","4"
"35","No","16","3","1","2426","0","6","5","5","0"
"30","Yes","5","3","1","2422","0","4","3","3","1"
"25","Yes","19","2","1","2413","1","1","2","1","0"
"28","Yes","24","3","1","2408","1","1","3","1","0"
"38","No","29","5","2","2406","1","10","2","10","9"
"40","No","1","4","1","2406","8","8","3","1","0"
"39","Yes","6","3","1","2404","7","8","2","2","2"
"29","Yes","10","3","1","2404","6","3","5","0","0"
"35","No","7","1","1","2404","1","1","3","1","0"
"24","No","24","3","1","2400","0","3","3","2","2"
"22","Yes","8","1","1","2398","1","1","6","1","0"
"27","Yes","17","4","1","2394","1","8","2","8","7"
"29","Yes","18","1","1","2389","1","4","3","4","0"
"40","No","1","4","1","2387","3","7","3","4","0"
"58","Yes","2","1","1","2380","9","3","3","1","0"
"50","No","9","3","1","2380","4","8","5","1","0"
"21","No","5","1","1","2380","1","2","6","2","1"
"27","No","5","2","1","2379","0","6","3","5","0"
"28","No","9","3","1","2377","5","6","2","2","2"
"26","Yes","21","3","1","2377","1","1","0","1","0"
"35","No","4","4","1","2376","1","2","2","2","2"
"26","Yes","16","4","1","2373","2","5","2","3","0"
"42","No","7","4","2","2372","6","18","2","1","0"
"58","No","23","4","1","2372","1","2","3","2","2"
"32","No","2","3","1","2370","1","8","4","8","0"
"26","No","6","3","1","2368","1","5","3","5","4"
"48","No","15","4","1","2367","8","10","3","8","7"
"28","Yes","17","3","1","2367","5","6","2","4","0"
"26","Yes","5","2","1","2366","1","8","2","8","1"
"44","Yes","3","3","1","2362","4","10","4","3","1"
"29","Yes","1","4","1","2362","6","11","2","9","0"
"31","No","11","4","1","2356","3","8","2","6","0"
"34","Yes","6","2","1","2351","0","3","3","2","1"
"45","No","9","3","2","2348","8","20","2","17","0"
"40","No","2","3","1","2345","2","8","3","3","1"
"40","No","2","1","1","2342","0","5","2","4","2"
"36","No","8","3","1","2342","0","6","3","5","0"
"33","No","8","1","1","2342","0","3","2","2","2"
"44","Yes","1","2","1","2342","1","6","2","5","2"
"27","No","2","4","1","2341","1","1","6","1","0"
"29","No","15","3","1","2340","1","6","1","6","1"
"26","Yes","24","3","1","2340","1","1","3","1","0"
"56","Yes","7","2","1","2339","8","14","4","10","9"
"29","Yes","13","3","1","2335","4","4","3","2","2"
"32","No","1","3","1","2332","6","5","3","3","0"
"31","No","7","4","1","2329","3","13","2","7","5"
"22","No","5","3","1","2328","1","4","2","4","2"
"37","No","9","3","1","2326","1","4","3","4","1"
"19","Yes","1","1","1","2325","0","1","5","0","0"
"22","No","19","1","1","2323","1","2","6","2","2"
"20","Yes","9","3","1","2323","1","2","3","2","0"
"23","No","2","1","1","2322","3","3","3","0","0"
"31","Yes","9","2","1","2321","0","4","0","3","1"
"29","Yes","1","2","1","2319","1","1","1","1","0"
"27","No","4","3","1","2318","1","1","2","1","0"
"32","No","1","3","1","2314","0","4","2","3","0"
"33","Yes","25","3","1","2313","4","5","0","2","2"
"34","No","27","2","1","2311","2","9","3","3","1"
"34","No","7","2","1","2308","0","12","4","11","5"
"34","Yes","16","4","1","2307","1","5","2","5","3"
"53","No","6","2","2","2306","2","13","3","7","4"
"26","No","17","4","1","2305","1","3","3","3","0"
"31","Yes","1","3","1","2302","1","3","2","3","2"
"29","No","10","3","1","2297","1","2","2","2","2"
"24","No","21","2","1","2296","0","2","3","1","0"
"24","Yes","1","3","1","2293","2","6","2","2","2"
"26","Yes","25","3","1","2293","1","1","2","1","0"
"44","No","17","3","1","2290","2","6","3","0","0"
"41","No","9","4","1","2289","1","5","2","5","0"
"38","No","9","2","1","2288","1","2","3","2","2"
"30","Yes","4","3","1","2285","9","3","4","1","0"
"27","No","9","3","1","2279","1","7","2","7","0"
"33","No","3","2","1","2277","3","7","4","4","0"
"23","Yes","7","3","1","2275","1","3","2","3","0"
"45","No","2","3","1","2274","1","1","3","1","0"
"23","No","20","1","2","2272","0","5","2","4","1"
"45","No","1","4","1","2270","3","8","2","5","0"
"35","No","8","1","1","2269","1","1","2","1","0"
"32","No","1","4","1","2269","0","3","2","2","2"
"59","No","6","2","1","2267","8","7","2","2","2"
"48","No","20","4","1","2259","4","13","2","0","0"
"43","No","21","3","1","2258","7","8","1","3","1"
"35","No","1","4","1","2258","6","10","2","8","1"
"22","No","11","3","1","2244","1","2","1","2","1"
"41","No","9","4","1","2238","2","7","2","5","1"
"27","No","14","3","1","2235","1","9","3","9","6"
"39","No","1","4","1","2232","7","7","1","3","1"
"34","No","2","4","1","2231","6","6","3","4","1"
"27","No","2","4","1","2226","1","6","3","5","1"
"34","No","10","4","1","2220","1","1","2","1","0"
"31","No","1","2","1","2218","1","4","3","4","3"
"28","Yes","1","2","1","2216","7","10","4","7","3"
"40","No","10","4","1","2213","3","10","3","7","1"
"24","Yes","17","2","1","2210","1","1","3","1","0"
"28","No","15","2","1","2207","1","4","5","4","2"
"30","No","9","2","1","2206","1","10","5","10","1"
"29","No","23","3","1","2201","9","6","4","3","1"
"35","No","1","3","1","2194","4","5","2","3","1"
"27","No","6","4","1","2187","0","6","5","5","0"
"25","No","2","3","1","2187","4","6","3","2","1"
"30","Yes","8","3","1","2180","6","6","0","4","1"
"59","No","3","3","1","2177","3","7","6","1","0"
"45","No","24","4","1","2177","1","6","3","6","0"
"32","No","2","1","2","2176","4","9","5","6","0"
"21","Yes","1","1","1","2174","1","3","3","3","1"
"29","No","15","1","1","2168","0","6","2","5","1"
"40","Yes","7","3","1","2166","3","10","3","4","0"
"29","No","20","3","1","2157","1","3","5","3","0"
"28","No","1","4","1","2154","0","5","2","4","0"
"36","No","18","1","1","2153","1","8","2","8","1"
"26","Yes","20","2","1","2148","0","6","3","5","1"
"24","No","10","3","1","2145","0","3","2","2","2"
"28","No","16","3","1","2144","1","5","3","5","1"
"36","No","13","3","1","2143","4","8","2","5","0"
"30","No","7","3","1","2141","1","6","3","6","1"
"38","No","8","3","2","2133","1","20","3","20","0"
"30","Yes","22","3","1","2132","4","7","2","5","0"
"45","No","28","3","1","2132","4","8","3","5","0"
"24","No","17","2","1","2127","1","1","2","1","0"
"41","No","5","5","1","2127","2","7","5","4","0"
"19","Yes","21","3","1","2121","1","1","3","1","0"
"29","Yes","8","4","1","2119","1","7","4","7","0"
"37","No","1","3","1","2115","1","17","3","17","5"
"31","No","8","2","1","2109","9","8","3","3","0"
"29","No","4","3","1","2109","1","1","2","1","0"
"41","Yes","5","2","1","2107","6","5","2","1","0"
"47","No","9","4","1","2105","4","7","2","2","2"
"27","No","11","1","1","2099","0","6","3","5","1"
"30","No","3","3","1","2097","4","9","3","5","1"
"25","No","13","1","1","2096","1","7","1","7","0"
"25","No","1","3","1","2096","1","2","3","2","2"
"42","No","5","2","1","2093","4","8","4","2","2"
"37","Yes","2","2","1","2090","6","7","3","0","0"
"43","No","7","3","1","2089","4","7","3","5","2"
"36","No","3","2","1","2088","4","13","3","8","7"
"39","Yes","5","3","2","2086","3","19","6","1","0"
"30","No","3","3","1","2083","1","1","2","1","0"
"28","No","1","3","1","2080","2","5","2","3","1"
"51","No","9","4","1","2075","3","10","4","4","0"
"35","Yes","2","3","1","2074","1","1","2","1","0"
"37","Yes","6","4","1","2073","4","7","3","3","0"
"23","No","10","3","1","2073","2","4","2","2","2"
"28","No","9","3","1","2070","1","5","3","5","0"
"21","No","1","1","1","2070","1","2","6","2","2"
"56","No","1","2","1","2066","2","5","3","3","1"
"30","No","1","3","1","2064","0","6","3","5","1"
"29","No","7","3","1","2062","3","11","2","3","1"
"26","No","3","3","1","2061","1","1","5","1","0"
"29","Yes","1","3","1","2058","0","7","1","6","1"
"27","No","3","4","1","2045","0","5","0","4","1"
"20","Yes","2","3","1","2044","1","2","3","2","0"
"28","No","1","3","1","2044","1","5","6","5","0"
"44","No","23","3","2","2042","4","17","3","3","1"
"26","Yes","2","3","1","2042","6","6","2","3","1"
"30","Yes","12","4","1","2033","1","1","2","1","0"
"24","No","13","2","1","2033","1","1","2","1","0"
"34","No","26","1","1","2029","1","5","2","5","0"
"28","Yes","24","3","1","2028","5","6","4","4","0"
"33","No","21","3","1","2028","1","14","6","14","2"
"27","No","9","3","1","2024","6","6","1","2","2"
"35","Yes","25","4","1","2022","1","10","3","10","7"
"40","Yes","9","4","1","2018","3","15","3","5","1"
"35","No","2","3","1","2014","1","2","3","2","2"
"36","No","7","3","1","2013","2","15","4","4","1"
"44","No","2","1","1","2011","1","10","5","10","7"
"34","No","10","3","1","2008","1","1","3","1","1"
"33","No","1","2","1","2008","1","1","2","1","0"
"26","No","1","1","1","2007","1","5","5","5","1"
"40","No","2","4","1","2001","2","20","2","5","0"
"35","No","4","2","1","1951","1","1","3","1","0"
"18","Yes","8","1","1","1904","1","0","0","0","0"
"18","Yes","5","3","1","1878","1","0","3","0","0"
"19","Yes","10","3","1","1859","1","1","2","1","0"
"23","Yes","9","3","1","1790","1","1","3","1","1"
"27","No","3","3","1","1706","1","0","6","0","0"
"38","No","2","2","1","1702","1","1","3","1","0"
"19","Yes","22","1","1","1675","1","0","2","0","0"
"18","No","1","3","1","1611","1","0","5","0","0"
"23","Yes","6","3","1","1601","1","1","2","0","0"
"18","Yes","3","2","1","1569","1","0","2","0","0"
"28","No","1","3","1","1563","1","1","2","1","0"
"24","Yes","22","1","1","1555","1","1","2","1","0"
"18","No","14","3","1","1514","1","0","4","0","0"
"19","No","3","1","1","1483","1","1","3","1","0"
"18","Yes","3","3","1","1420","1","0","2","0","0"
"21","Yes","10","3","1","1416","1","1","6","1","1"
"32","Yes","2","4","1","1393","1","1","2","1","0"
"31","Yes","1","4","1","1359","1","1","3","1","0"
"35","No","3","3","1","1281","1","1","3","1","0"
"30","No","7","3","1","1274","1","1","2","1","0"
"31","Yes","8","3","1","1261","1","1","3","1","0"
"21","No","15","2","1","1232","1","0","6","0","0"
"23","No","1","2","1","1223","1","1","2","1","0"
"18","No","10","3","1","1200","1","0","2","0","0"
"31","No","2","1","1","1129","1","1","4","1","0"
"25","Yes","24","1","1","1118","1","1","4","1","1"
"19","Yes","2","3","1","1102","1","1","3","1","1"
"29","Yes","24","3","1","1091","1","1","3","1","0"
"30","Yes","9","3","1","1081","1","1","3","1","0"
"28","No","10","1","1","1052","1","1","5","1","0"
"18","No","5","2","1","1051","1","0","2","0","0"
"20","Yes","10","1","1","1009","1","1","5","1","1"
